" de","343"
"es ","271"
"de ","220"
"que","175"
"el ","168"
" qu","153"
" el","137"
"la ","136"
"s d","134"
"ue ","114"
" a ","114"
"en ","113"
" la","113"
" i ","106"
"ent","96"
" co","93"
"res","92"
"e l","91"
" pe","91"
"s a","90"
"ls ","90"
"na ","87"
" un","84"
"s, ","83"
"del","82"
"ar ","82"
" se","82"
"est","80"
"per","78"
"a d","78"
"és ","77"
"les","77"
" d’","75"
" no","70"
"er ","69"
"ns ","68"
" en","68"
"re ","65"
"ra ","65"
"nt ","65"
"ant","65"
" al","65"
" po","64"
" l’","64"
"tre","60"
"un ","59"
"al ","59"
"a l","58"
"ió ","57"
"els","57"
"a a","57"
" ma","57"
" le","57"
"ia ","56"
"ció","55"
"men","54"
"aci","53"
"una","51"
"a m","50"
"sta","49"
"s i","48"
"a, ","48"
"ues","47"
"ta ","47"
"s p","46"
" fa","46"
" es","46"
" ca","46"
"ter","45"
"com","45"
"amb","45"
"a c","45"
"s e","44"
"a p","44"
"des","43"
"at ","43"
" re","43"
" am","43"
"s. ","42"
"s q","42"
"ons","42"
", e","42"
" és","41"
" vi","41"
" pa","41"
" ha","41"
"mb ","40"
"bre","39"
" ba","39"
"ort","38"
"nta","38"
"ies","38"
", a","38"
"ts ","37"
"tat","37"
"r a","37"
"no ","37"
"ita","37"
"a e","37"
" in","37"
"t d","36"
"os ","36"
"om ","35"
"n a","35"
"més","35"
"l p","35"
"e d","35"
"a i","35"
" ll","35"
"tes","34"
"ion","34"
"va ","33"
"str","33"
"s m","33"
"ran","33"
"nte","33"
"ina","33"
"da ","33"
"ona","32"
"es,","32"
"em ","32"
" pr","32"
"e e","31"
"e c","31"
"any","31"
"ada","31"
"a q","31"
"ria","30"
"e s","30"
"cio","30"
"ara","30"
"aqu","30"
" mé","30"
" an","30"
"s s","29"
"s c","29"
" mo","29"
" me","29"
" fo","29"
"n e","28"
"ist","28"
"d’u","28"
"con","28"
"an ","28"
"alt","28"
" ve","28"
" va","28"
" tr","28"
" mi","28"
"’un","27"
"ure","27"
"tra","27"
"l s","27"
"l d","27"
"eri","27"
"equ","27"
"a s","27"
"a f","27"
" te","27"
" hi","27"
"t, ","26"
"t a","26"
"seq","26"
"l f","26"
"i d","26"
"far","26"
"e p","26"
"ura","25"
"uoi","25"
"s b","25"
"ren","25"
"quo","25"
"pro","25"
"ost","25"
"mar","25"
"ins","25"
"i h","25"
"ers","25"
"ell","25"
". E","25"
", l","25"
" si","25"
" di","25"
"s t","24"
"por","24"
"par","24"
"lla","24"
"hi ","24"
"era","24"
" ar","24"
"tan","23"
"t e","23"
"l m","23"
"int","23"
"i e","23"
"ha ","23"
"eix","23"
"ass","23"
"ans","23"
"a u","23"
", p","23"
" so","23"
"ten","22"
"tar","22"
"seg","22"
"s v","22"
"rra","22"
"nci","22"
"ica","22"
"cos","22"
"car","22"
"ade","22"
"act","22"
" aq","22"
"rs ","21"
"nts","21"
"nom","21"
"nes","21"
"n d","21"
"n c","21"
"is ","21"
"ere","21"
"e v","21"
"e t","21"
"d’a","21"
"a v","21"
"a r","21"
"a n","21"
"El ","21"
" to","21"
" ci","21"
" ce","21"
"ó d","20"
"tal","20"
"ris","20"
"rbr","20"
"r e","20"
"l’a","20"
"es.","20"
"e m","20"
"e f","20"
"e a","20"
"cte","20"
"als","20"
"aix","20"
" ge","20"
" El","20"
"sen","19"
"r d","19"
"nys","19"
"ntr","19"
"ega","19"
"bar","19"
". A","19"
" ta","19"
" ja","19"
" fe","19"
" ex","19"
"r l","18"
"oie","18"
"met","18"
"le ","18"
"gen","18"
"etr","18"
"arb","18"
"ana","18"
"ame","18"
"a t","18"
", c","18"
" gr","18"
"tot","17"
"mol","17"
"man","17"
"m a","17"
"l v","17"
"l c","17"
"ixe","17"
"iqu","17"
"ici","17"
"eur","17"
"esc","17"
"a. ","17"
" vo","17"
" Ca","17"
"vol","16"
"ver","16"
"sti","16"
"sit","16"
"ser","16"
"reg","16"
"ral","16"
"r q","16"
"qui","16"
"pod","16"
"one","16"
"ner","16"
"n p","16"
"n l","16"
"l’i","16"
"ill","16"
"i a","16"
"for","16"
"err","16"
"eny","16"
"arr","16"
"ari","16"
"arc","16"
"aba","16"
", d","16"
"us ","15"
"tur","15"
"tro","15"
"t p","15"
"st ","15"
"sse","15"
"s r","15"
"s h","15"
"r, ","15"
"qua","15"
"ot ","15"
"nic","15"
"nat","15"
"lle","15"
"len","15"
"lar","15"
"l n","15"
"ja ","15"
"ian","15"
"et ","15"
"cie","15"
"ca ","15"
"a b","15"
", i","15"
" ni","15"
"ste","14"
"pot","14"
"or ","14"
"ome","14"
"ode","14"
"nya","14"
"ndr","14"
"nar","14"
"l’e","14"
"l·l","14"
"ll ","14"
"lan","14"
"i l","14"
"gle","14"
"fer","14"
"cs ","14"
"cen","14"
"ban","14"
"bac","14"
"ave","14"
"are","14"
"ali","14"
"a h","14"
". L","14"
" pl","14"
" fi","14"
"uè ","13"
"uen","13"
"tac","13"
"t i","13"
"s u","13"
"s o","13"
"s l","13"
"rta","13"
"rec","13"
"què","13"
"pre","13"
"ont","13"
"omp","13"
"olt","13"
"nti","13"
"nal","13"
"lit","13"
"iga","13"
"eu ","13"
"esp","13"
"erò","13"
"ene","13"
"enc","13"
"egu","13"
"ect","13"
"e n","13"
"cia","13"
"cal","13"
"ble","13"
"art","13"
"ala","13"
"a g","13"
", s","13"
", n","13"
" su","13"
" na","13"
"’es","12"
"’al","12"
"via","12"
"van","12"
"tge","12"
"tam","12"
"t. ","12"
"sos","12"
"s n","12"
"rob","12"
"ra,","12"
"oc ","12"
"nos","12"
"min","12"
"mer","12"
"mat","12"
"llo","12"
"lac","12"
"ive","12"
"iu ","12"
"ir ","12"
"i s","12"
"gra","12"
"gan","12"
"fin","12"
"end","12"
"ena","12"
"e b","12"
"cor","12"
"atg","12"
"at,","12"
"ani","12"
"ais","12"
" s’","12"
" ac","12"
"’il","11"
"vi ","11"
"veu","11"
"ves","11"
"uta","11"
"uin","11"
"ssa","11"
"sa ","11"
"s g","11"
"rre","11"
"poc","11"
"pla","11"
"ns.","11"
"n v","11"
"mes","11"
"ltr","11"
"lli","11"
"l t","11"
"iut","11"
"itz","11"
"ili","11"
"gon","11"
"fic","11"
"ens","11"
"ela","11"
"egl","11"
"d’e","11"
"dia","11"
"den","11"
"ciu","11"
"ado","11"
". P","11"
", t","11"
" té","11"
" o ","11"
" ap","11"
" Po","11"
"’in","10"
"òri","10"
"ò, ","10"
"àni","10"
"ys ","10"
"viu","10"
"tòr","10"
"té ","10"
"til","10"
"tec","10"
"stò","10"
"son","10"
"sca","10"
"sat","10"
"rti","10"
"rso","10"
"rin","10"
"pel","10"
"pai","10"
"ots","10"
"ote","10"
"ota","10"
"orm","10"
"obr","10"
"o d","10"
"nse","10"
"ni ","10"
"ndi","10"
"ma ","10"
"lum","10"
"l q","10"
"ixò","10"
"ira","10"
"ine","10"
"ien","10"
"ida","10"
"i p","10"
"his","10"
"gin","10"
"g d","10"
"exp","10"
"ess","10"
"ert","10"
"emp","10"
"dic","10"
"cas","10"
"cap","10"
"c, ","10"
"atu","10"
"ats","10"
"ate","10"
"ar,","10"
"ale","10"
"Por","10"
", u","10"
" sa","10"
" ra","10"
"·lu","9"
"xen","9"
"unt","9"
"uer","9"
"uan","9"
"tza","9"
"to ","9"
"tin","9"
"tig","9"
"tem","9"
"t m","9"
"t l","9"
"si ","9"
"sem","9"
"sab","9"
"s f","9"
"rup","9"
"rt ","9"
"rma","9"
"riu","9"
"rie","9"
"rag","9"
"rad","9"
"pte","9"
"pci","9"
"ore","9"
"on ","9"
"o e","9"
"niq","9"
"n s","9"
"n m","9"
"mps","9"
"mic","9"
"mag","9"
"lt ","9"
"loc","9"
"lme","9"
"ler","9"
"l 1","9"
"iva","9"
"isa","9"
"i m","9"
"hum","9"
"gad","9"
"ece","9"
"e, ","9"
"dre","9"
"dem","9"
"cel","9"
"cad","9"
"bra","9"
"bla","9"
"ber","9"
"ars","9"
"ane","9"
"amp","9"
"a o","9"
"Per","9"
"Ara","9"
", q","9"
" pi","9"
" hu","9"
" bo","9"
" ai","9"
" 19","9"
"ón ","8"
"ó p","8"
"àri","8"
"xpl","8"
"uti","8"
"uri","8"
"uns","8"
"uma","8"
"tse","8"
"tic","8"
"tad","8"
"s’a","8"
"sob","8"
"seu","8"
"ses","8"
"se ","8"
"rto","8"
"ron","8"
"rel","8"
"r. ","8"
"ple","8"
"pas","8"
"ou ","8"
"ori","8"
"olo","8"
"ol ","8"
"o é","8"
"nst","8"
"nit","8"
"nia","8"
"n u","8"
"n b","8"
"mil","8"
"m e","8"
"m d","8"
"lte","8"
"lls","8"
"l l","8"
"l M","8"
"ixa","8"
"it ","8"
"ini","8"
"ima","8"
"il·","8"
"ig ","8"
"ics","8"
"ibr","8"
"ia,","8"
"hav","8"
"gue","8"
"geg","8"
"fa ","8"
"eta","8"
"eso","8"
"eru","8"
"emb","8"
"e q","8"
"e h","8"
"dra","8"
"din","8"
"cto","8"
"cta","8"
"cep","8"
"cci","8"
"can","8"
"cam","8"
"b u","8"
"ava","8"
"as ","8"
"ar.","8"
"ap ","8"
"alm","8"
"al.","8"
"abl","8"
"abe","8"
", f","8"
" ri","8"
" or","8"
" er","8"
" du","8"
" do","8"
" br","8"
" ab","8"
" Ta","8"
" Ma","8"
"és,","7"
"ènc","7"
"xem","7"
"vis","7"
"upc","7"
"umi","7"
"uir","7"
"ued","7"
"udi","7"
"ts,","7"
"tru","7"
"tor","7"
"tit","7"
"tei","7"
"t f","7"
"ssi","7"
"rò,","7"
"rqu","7"
"rni","7"
"rme","7"
"rem","7"
"rar","7"
"r t","7"
"r f","7"
"r c","7"
"pri","7"
"pon","7"
"our","7"
"osa","7"
"ord","7"
"oll","7"
"ole","7"
"oia","7"
"o s","7"
"o p","7"
"ns,","7"
"nen","7"
"nca","7"
"nac","7"
"n t","7"
"n i","7"
"mpl","7"
"mir","7"
"mig","7"
"mbl","7"
"mas","7"
"mal","7"
"log","7"
"lio","7"
"lib","7"
"l. ","7"
"itu","7"
"ing","7"
"inc","7"
"igu","7"
"ifi","7"
"iar","7"
"ia.","7"
"i v","7"
"gun","7"
"gui","7"
"ge ","7"
"ga ","7"
"esi","7"
"erv","7"
"ero","7"
"er-","7"
"egi","7"
"eda","7"
"eca","7"
"e i","7"
"e X","7"
"e P","7"
"div","7"
"dei","7"
"da,","7"
"c. ","7"
"b l","7"
"avi","7"
"a é","7"
"Les","7"
"Els","7"
". H","7"
" ti","7"
" il","7"
" cu","7"
" Un","7"
" Pe","7"
" Mo","7"
" L’","7"
" In","7"
" En","7"
" Ar","7"
"’ar","6"
"’aq","6"
"ó a","6"
"ífi","6"
"í, ","6"
"y, ","6"
"xar","6"
"vid","6"
"ven","6"
"vel","6"
"ucc","6"
"uca","6"
"u i","6"
"tus","6"
"tua","6"
"te ","6"
"tab","6"
"t r","6"
"t q","6"
"són","6"
"sur","6"
"spè","6"
"siv","6"
"sis","6"
"sin","6"
"sev","6"
"rò ","6"
"rui","6"
"rtu","6"
"rt,","6"
"rsi","6"
"rop","6"
"rca","6"
"rac","6"
"r v","6"
"r r","6"
"r p","6"
"plo","6"
"pli","6"
"pin","6"
"p d","6"
"ova","6"
"ors","6"
"orn","6"
"op ","6"
"onc","6"
"olc","6"
"ogi","6"
"o t","6"
"ny,","6"
"nve","6"
"ntí","6"
"nt.","6"
"nt,","6"
"nor","6"
"nie","6"
"ngu","6"
"ngl","6"
"n, ","6"
"n r","6"
"n q","6"
"n f","6"
"mpt","6"
"mon","6"
"lic","6"
"lcà","6"
"l, ","6"
"l r","6"
"l b","6"
"iue","6"
"inv","6"
"inu","6"
"il ","6"
"iel","6"
"i, ","6"
"i u","6"
"i q","6"
"ges","6"
"fet","6"
"eva","6"
"erq","6"
"erm","6"
"ept","6"
"ema","6"
"e F","6"
"d’i","6"
"dur","6"
"dor","6"
"don","6"
"dif","6"
"càn","6"
"cop","6"
"b e","6"
"aur","6"
"ata","6"
"at.","6"
"ast","6"
"ard","6"
"apr","6"
"apo","6"
"ape","6"
"apa","6"
"and","6"
"aig","6"
"agi","6"
"afe","6"
"aco","6"
"a: ","6"
"a C","6"
"VII","6"
"La ","6"
"Ind","6"
"Hi ","6"
"Dan","6"
"Cal","6"
". I","6"
" só","6"
" ro","6"
" on","6"
" oc","6"
" mu","6"
" im","6"
" eu","6"
" bi","6"
" as","6"
" ad","6"
" Fe","6"
" Da","6"
"’en","5"
"’ac","5"
"ó, ","5"
"òrn","5"
"èri","5"
"ècn","5"
"zon","5"
"ys,","5"
"yal","5"
"xò ","5"
"vos","5"
"vin","5"
"veg","5"
"ut ","5"
"uro","5"
"ume","5"
"ula","5"
"uil","5"
"u, ","5"
"tíf","5"
"tí ","5"
"tèc","5"
"tà ","5"
"tug","5"
"tud","5"
"tau","5"
"t s","5"
"sub","5"
"stí","5"
"stu","5"
"sol","5"
"sco","5"
"s é","5"
"rtí","5"
"rri","5"
"ros","5"
"rof","5"
"roc","5"
"ro ","5"
"rna","5"
"rit","5"
"rio","5"
"ric","5"
"rib","5"
"reu","5"
"ret","5"
"rer","5"
"rei","5"
"rea","5"
"rco","5"
"ram","5"
"r-h","5"
"r u","5"
"r s","5"
"ptu","5"
"pta","5"
"ps ","5"
"oto","5"
"os,","5"
"orr","5"
"omé","5"
"omb","5"
"ola","5"
"oho","5"
"odr","5"
"ocs","5"
"oco","5"
"obe","5"
"nvi","5"
"nut","5"
"nmi","5"
"nis","5"
"nfo","5"
"nem","5"
"nam","5"
"nad","5"
"na,","5"
"n n","5"
"mun","5"
"mpr","5"
"mbé","5"
"m, ","5"
"m u","5"
"lun","5"
"lti","5"
"llu","5"
"lif","5"
"lgu","5"
"lem","5"
"lco","5"
"lat","5"
"lal","5"
"jar","5"
"ixí","5"
"ix ","5"
"iss","5"
"ire","5"
"ifò","5"
"ic ","5"
"iat","5"
"i. ","5"
"hos","5"
"hol","5"
"gué","5"
"gur","5"
"gua","5"
"fòr","5"
"fou","5"
"fot","5"
"exe","5"
"ete","5"
"ern","5"
"erc","5"
"enm","5"
"emo","5"
"ego","5"
"e. ","5"
"e g","5"
"dèn","5"
"dos","5"
"cul","5"
"cre","5"
"coh","5"
"cni","5"
"bé ","5"
"bli","5"
"bas","5"
"aut","5"
"asa","5"
"anv","5"
"ano","5"
"ang","5"
"alg","5"
"alc","5"
"ago","5"
"aca","5"
"XVI","5"
"Mon","5"
"Mar","5"
"Aix","5"
". É","5"
". U","5"
". S","5"
". C","5"
", o","5"
", j","5"
" És","5"
" zo","5"
" tè","5"
" fu","5"
" et","5"
" em","5"
" cr","5"
" bl","5"
" af","5"
" XV","5"
" Sa","5"
" Pa","5"
" No","5"
" La","5"
" Hi","5"
" Fa","5"
"’hi","4"
"’av","4"
"’au","4"
"’ad","4"
"üen","4"
"ús ","4"
"ó q","4"
"ó m","4"
"ó i","4"
"òme","4"
"ò e","4"
"íem","4"
"í q","4"
"é, ","4"
"é u","4"
"èci","4"
"è e","4"
"çor","4"
"çad","4"
"ão ","4"
"àci","4"
"És ","4"
"ys.","4"
"xí ","4"
"xim","4"
"xel","4"
"vor","4"
"vi.","4"
"vet","4"
"vai","4"
"uto","4"
"ust","4"
"urs","4"
"upe","4"
"ule","4"
"uit","4"
"uia","4"
"uga","4"
"uel","4"
"uda","4"
"uat","4"
"uar","4"
"ua ","4"
"tín","4"
"ts.","4"
"ton","4"
"tiv","4"
"tiu","4"
"tiq","4"
"tip","4"
"tif","4"
"tie","4"
"tav","4"
"ta,","4"
"t u","4"
"t t","4"
"t c","4"
"stà","4"
"sso","4"
"sot","4"
"sor","4"
"scr","4"
"san","4"
"s: ","4"
"s (","4"
"ríe","4"
"rts","4"
"rs,","4"
"rot","4"
"rod","4"
"rim","4"
"rig","4"
"rd ","4"
"rci","4"
"rat","4"
"ra.","4"
"r é","4"
"r n","4"
"r m","4"
"pèc","4"
"pus","4"
"pos","4"
"pis","4"
"pes","4"
"pec","4"
"p a","4"
"ous","4"
"ora","4"
"oqu","4"
"opi","4"
"onu","4"
"oli","4"
"ofi","4"
"odu","4"
"odi","4"
"oba","4"
"o, ","4"
"o m","4"
"o i","4"
"o c","4"
"nó ","4"
"nàr","4"
"nye","4"
"ny ","4"
"num","4"
"nov","4"
"nho","4"
"nav","4"
"nan","4"
"n. ","4"
"món","4"
"mor","4"
"mod","4"
"mbr","4"
"mai","4"
"mac","4"
"m v","4"
"m p","4"
"m l","4"
"m c","4"
"lòm","4"
"lip","4"
"lia","4"
"let","4"
"lam","4"
"l a","4"
"iur","4"
"its","4"
"isi","4"
"ipu","4"
"ipt","4"
"iot","4"
"ior","4"
"inó","4"
"inà","4"
"inh","4"
"inf","4"
"ime","4"
"ilò","4"
"ila","4"
"ide","4"
"ic,","4"
"ibl","4"
"iac","4"
"i é","4"
"i t","4"
"i n","4"
"i c","4"
"her","4"
"hab","4"
"gut","4"
"gro","4"
"gre","4"
"gia","4"
"fon","4"
"fit","4"
"fil","4"
"fec","4"
"ext","4"
"evo","4"
"euc","4"
"esu","4"
"enç","4"
"emi","4"
"eli","4"
"egr","4"
"eco","4"
"e u","4"
"e C","4"
"d’A","4"
"dri","4"
"dir","4"
"di ","4"
"der","4"
"da.","4"
"cur","4"
"cui","4"
"cri","4"
"col","4"
"cit","4"
"cin","4"
"cer","4"
"c i","4"
"c d","4"
"bé,","4"
"bit","4"
"bil","4"
"bib","4"
"ben","4"
"bal","4"
"bai","4"
"b c","4"
"ase","4"
"arg","4"
"anc","4"
"an,","4"
"ama","4"
"all","4"
"aia","4"
"aga","4"
"adi","4"
"abi","4"
"a z","4"
"a J","4"
"Tar","4"
"Si ","4"
"San","4"
"L’e","4"
"Jon","4"
"III","4"
"En ","4"
"Due","4"
"Des","4"
"Cap","4"
"Aqu","4"
"Al ","4"
"195","4"
". T","4"
". F","4"
", v","4"
", m","4"
", g","4"
" vu","4"
" tu","4"
" ob","4"
" mó","4"
" li","4"
" gu","4"
" e ","4"
" bé","4"
" ag","4"
" Vi","4"
" Si","4"
" Se","4"
" Qu","4"
" Le","4"
" Jo","4"
" Du","4"
" Do","4"
" De","4"
" Aq","4"
" Ai","4"
"’ex","3"
"’er","3"
"’el","3"
"’ap","3"
"’an","3"
"’ai","3"
"’ab","3"
"’Ar","3"
"ó s","3"
"ó c","3"
"òti","3"
"òct","3"
"ís ","3"
"íne","3"
"éss","3"
"é a","3"
"ès ","3"
"ène","3"
"è h","3"
"ça ","3"
"à, ","3"
"à e","3"
"à a","3"
"zat","3"
"ya ","3"
"xòt","3"
"xò,","3"
"xtr","3"
"xes","3"
"xa ","3"
"vul","3"
"vit","3"
"vei","3"
"ve ","3"
"vad","3"
"va,","3"
"ués","3"
"use","3"
"uny","3"
"umà","3"
"um,","3"
"ult","3"
"ull","3"
"ugu","3"
"uci","3"
"ual","3"
"uad","3"
"uac","3"
"u q","3"
"u l","3"
"u d","3"
"t’a","3"
"tàn","3"
"tri","3"
"tol","3"
"toc","3"
"teu","3"
"tap","3"
"t n","3"
"t h","3"
"são","3"
"sup","3"
"sts","3"
"ssã","3"
"spo","3"
"spe","3"
"sme","3"
"sid","3"
"sej","3"
"sar","3"
"sal","3"
"sa.","3"
"rve","3"
"rva","3"
"rpr","3"
"rox","3"
"rol","3"
"roi","3"
"ri ","3"
"rg ","3"
"rdí","3"
"rdi","3"
"rc ","3"
"raç","3"
"rab","3"
"qüe","3"
"quí","3"
"ps.","3"
"pia","3"
"pet","3"
"peg","3"
"pan","3"
"pa ","3"
"oxi","3"
"oní","3"
"ono","3"
"oni","3"
"ong","3"
"ond","3"
"olç","3"
"océ","3"
"oca","3"
"oc,","3"
"obt","3"
"obl","3"
"obi","3"
"oad","3"
"o l","3"
"nçà","3"
"nça","3"
"nqu","3"
"nou","3"
"niv","3"
"ngi","3"
"nez","3"
"nde","3"
"nda","3"
"nce","3"
"nc ","3"
"nab","3"
"n o","3"
"n g","3"
"mpo","3"
"mit","3"
"mis","3"
"me ","3"
"m t","3"
"m f","3"
"l’o","3"
"l’A","3"
"ltu","3"
"lts","3"
"lta","3"
"ls,","3"
"lot","3"
"lom","3"
"liv","3"
"lin","3"
"lig","3"
"li ","3"
"le.","3"
"lad","3"
"l i","3"
"l g","3"
"l e","3"
"l S","3"
"l G","3"
"jap","3"
"ió,","3"
"ivi","3"
"iu,","3"
"ità","3"
"ism","3"
"is.","3"
"iol","3"
"in ","3"
"ile","3"
"ife","3"
"ie ","3"
"idè","3"
"icr","3"
"ic.","3"
"ibe","3"
"iba","3"
"ial","3"
"i r","3"
"i f","3"
"i b","3"
"gru","3"
"gió","3"
"gaf","3"
"g, ","3"
"fus","3"
"foc","3"
"feg","3"
"fas","3"
"fal","3"
"exò","3"
"evi","3"
"ese","3"
"eqü","3"
"eie","3"
"ege","3"
"efi","3"
"edi","3"
"ecu","3"
"eal","3"
"e j","3"
"e T","3"
"e S","3"
"e G","3"
"d’o","3"
"duc","3"
"dro","3"
"dol","3"
"diu","3"
"dis","3"
"deu","3"
"def","3"
"dar","3"
"cés","3"
"cti","3"
"cro","3"
"cip","3"
"cid","3"
"ci ","3"
"cat","3"
"cab","3"
"ca,","3"
"bus","3"
"bte","3"
"bri","3"
"bio","3"
"bes","3"
"b m","3"
"b a","3"
"aço","3"
"as,","3"
"aro","3"
"arl","3"
"ar-","3"
"ami","3"
"alu","3"
"al,","3"
"agó","3"
"adr","3"
"acu","3"
"a S","3"
"a F","3"
"Vil","3"
"Un ","3"
"Seq","3"
"No ","3"
"L’a","3"
"Ima","3"
"II ","3"
"Gen","3"
"Enc","3"
"Dou","3"
": e","3"
"00 ","3"
". Q","3"
". M","3"
". D","3"
"-hi","3"
"), ","3"
" ut","3"
" t’","3"
" ru","3"
" pu","3"
" ne","3"
" fà","3"
" fr","3"
" da","3"
" bu","3"
" be","3"
" av","3"
" I ","3"
" Ge","3"
" Es","3"
" Bo","3"
" Am","3"
"’on","2"
"’ob","2"
"’ed","2"
"’at","2"
"’as","2"
"’At","2"
"ós ","2"
"ón.","2"
"ó n","2"
"ó e","2"
"òni","2"
"òbi","2"
"ò é","2"
"ò n","2"
"íod","2"
"ífe","2"
"í B","2"
"é é","2"
"é i","2"
"ès.","2"
"èmi","2"
"èl·","2"
"èdi","2"
"èco","2"
"è c","2"
"çà ","2"
"ços","2"
"çar","2"
"âni","2"
"ànt","2"
"àli","2"
"à p","2"
"à l","2"
"à d","2"
"zar","2"
"zad","2"
"zac","2"
"za ","2"
"yes","2"
"yar","2"
"yak","2"
"ya,","2"
"xer","2"
"x t","2"
"vui","2"
"viv","2"
"vi,","2"
"var","2"
"uí,","2"
"ué ","2"
"utò","2"
"usc","2"
"us,","2"
"urb","2"
"ur ","2"
"une","2"
"und","2"
"unc","2"
"um ","2"
"uls","2"
"ulc","2"
"uis","2"
"ui ","2"
"uet","2"
"uei","2"
"ubm","2"
"u. ","2"
"u p","2"
"u o","2"
"u m","2"
"u D","2"
"tòc","2"
"tou","2"
"tob","2"
"tlà","2"
"tja","2"
"tim","2"
"tid","2"
"tia","2"
"t g","2"
"t b","2"
"t [","2"
"t D","2"
"t (","2"
"s’e","2"
"sís","2"
"sèn","2"
"ssí","2"
"spr","2"
"soc","2"
"sió","2"
"sia","2"
"sfo","2"
"set","2"
"sec","2"
"sad","2"
"s? ","2"
"s-c","2"
"s j","2"
"s U","2"
"s E","2"
"s C","2"
"s A","2"
"rós","2"
"río","2"
"rés","2"
"rèc","2"
"rça","2"
"ràc","2"
"rus","2"
"ruc","2"
"rt.","2"
"rro","2"
"rov","2"
"roq","2"
"roj","2"
"roh","2"
"rne","2"
"rle","2"
"riz","2"
"rir","2"
"rge","2"
"rfi","2"
"ref","2"
"re.","2"
"re,","2"
"rba","2"
"raó","2"
"rav","2"
"rau","2"
"ras","2"
"rao","2"
"r-n","2"
"r i","2"
"r g","2"
"pès","2"
"pça","2"
"pul","2"
"pré","2"
"pob","2"
"pi ","2"
"pen","2"
"pat","2"
"pal","2"
"p m","2"
"p e","2"
"ovi","2"
"ove","2"
"otà","2"
"otx","2"
"ot.","2"
"oss","2"
"osi","2"
"ose","2"
"osc","2"
"oró","2"
"orç","2"
"orp","2"
"or.","2"
"or,","2"
"onè","2"
"onx","2"
"onj","2"
"onf","2"
"omi","2"
"olu","2"
"ols","2"
"oko","2"
"oja","2"
"oi ","2"
"ogr","2"
"ofe","2"
"odo","2"
"oci","2"
"oce","2"
"oc.","2"
"obú","2"
"obs","2"
"o. ","2"
"o h","2"
"o f","2"
"o a","2"
"o D","2"
"níf","2"
"nès","2"
"nà ","2"
"nzi","2"
"nxe","2"
"nsi","2"
"nsa","2"
"nju","2"
"nir","2"
"nin","2"
"neu","2"
"net","2"
"nei","2"
"neg","2"
"ne ","2"
"ndo","2"
"nc,","2"
"nai","2"
"na.","2"
"mòb","2"
"mèd","2"
"mà ","2"
"mus","2"
"mot","2"
"mme","2"
"miy","2"
"mid","2"
"mei","2"
"mad","2"
"m q","2"
"m n","2"
"m m","2"
"m i","2"
"m D","2"
"l’ú","2"
"l’h","2"
"lés","2"
"lça","2"
"làn","2"
"lul","2"
"luc","2"
"lse","2"
"los","2"
"lor","2"
"lon","2"
"lo,","2"
"lo ","2"
"leg","2"
"le,","2"
"lcâ","2"
"lav","2"
"la,","2"
"l h","2"
"l D","2"
"l 2","2"
"kon","2"
"ki ","2"
"jun","2"
"jos","2"
"jec","2"
"ió.","2"
"ià ","2"
"iza","2"
"iya","2"
"ivo","2"
"iti","2"
"is,","2"
"iri","2"
"ipi","2"
"ind","2"
"imp","2"
"imm","2"
"im ","2"
"ils","2"
"igi","2"
"ige","2"
"ig,","2"
"ieu","2"
"iem","2"
"ibè","2"
"iad","2"
"i o","2"
"i j","2"
"ho ","2"
"hi.","2"
"he ","2"
"hau","2"
"han","2"
"hag","2"
"gó ","2"
"gul","2"
"gme","2"
"glé","2"
"gla","2"
"gir","2"
"gig","2"
"gie","2"
"gat","2"
"gar","2"
"gal","2"
"gac","2"
"fàc","2"
"fun","2"
"fiq","2"
"fig","2"
"fes","2"
"fei","2"
"fan","2"
"fad","2"
"fac","2"
"ez ","2"
"eum","2"
"eue","2"
"eto","2"
"eti","2"
"esa","2"
"erí","2"
"erf","2"
"er,","2"
"epc","2"
"enz","2"
"enu","2"
"eni","2"
"eng","2"
"elo","2"
"ejo","2"
"eit","2"
"eir","2"
"eia","2"
"ees","2"
"edu","2"
"ecc","2"
"e r","2"
"e V","2"
"e D","2"
"e A","2"
"d’h","2"
"dí,","2"
"dèm","2"
"duï","2"
"drí","2"
"do ","2"
"die","2"
"dec","2"
"ddi","2"
"dat","2"
"dap","2"
"dal","2"
"d, ","2"
"d d","2"
"cèl","2"
"cân","2"
"cs,","2"
"cou","2"
"cob","2"
"cle","2"
"cil","2"
"chi","2"
"ces","2"
"cch","2"
"cce","2"
"cau","2"
"cac","2"
"c p","2"
"c n","2"
"c h","2"
"c a","2"
"bús","2"
"bèr","2"
"buc","2"
"bst","2"
"bse","2"
"bot","2"
"bom","2"
"bma","2"
"bem","2"
"bat","2"
"ba ","2"
"b r","2"
"b p","2"
"b d","2"
"aul","2"
"aud","2"
"arí","2"
"apç","2"
"apt","2"
"aon","2"
"anç","2"
"anq","2"
"amí","2"
"alç","2"
"al·","2"
"aki","2"
"agu","2"
"agm","2"
"afa","2"
"adè","2"
"add","2"
"acc","2"
"ac ","2"
"abu","2"
"abr","2"
"a; ","2"
"a),","2"
"a) ","2"
"a N","2"
"a M","2"
"a D","2"
"a 1","2"
"a (","2"
"[i]","2"
"XIX","2"
"X. ","2"
"Uni","2"
"Una","2"
"Tot","2"
"Tab","2"
"Sib","2"
"She","2"
"Qui","2"
"Pas","2"
"Par","2"
"Nov","2"
"Mol","2"
"IX.","2"
"II,","2"
"I. ","2"
"I, ","2"
"Gai","2"
"Fer","2"
"Fai","2"
"Est","2"
"DN ","2"
"Cat","2"
"Boa","2"
"Aço","2"
"Atl","2"
"Arb","2"
"ADN","2"
"; e","2"
": u","2"
": p","2"
"958","2"
"957","2"
"7 m","2"
"58 ","2"
"400","2"
"3. ","2"
"190","2"
". N","2"
".  ","2"
"-ho","2"
"-ce","2"
", é","2"
", r","2"
", h","2"
", b","2"
"). ","2"
") i","2"
" us","2"
" ur","2"
" um","2"
" rè","2"
" n’","2"
" lu","2"
" i,","2"
" he","2"
" go","2"
" ga","2"
" ev","2"
" dè","2"
" cè","2"
" au","2"
" at","2"
" XI","2"
" To","2"
" Sh","2"
" Ho","2"
" Ga","2"
" Aç","2"
" An","2"
" Al","2"
" AD","2"
" A ","2"
" 58","2"
" 40","2"
" (s","2"
" (a","2"
"…] ","1"
"’ús","1"
"’ún","1"
"’és","1"
"’ut","1"
"’ul","1"
"’t ","1"
"’ol","1"
"’ok","1"
"’oc","1"
"’ns","1"
"’im","1"
"’id","1"
"’ho","1"
"’ha","1"
"’ev","1"
"’eu","1"
"’ep","1"
"’ef","1"
"’In","1"
"’He","1"
"’Au","1"
"’Al","1"
"—cr","1"
"—. ","1"
"úti","1"
"úsc","1"
"ús,","1"
"úni","1"
"úix","1"
"ú m","1"
"órr","1"
"ó é","1"
"ó à","1"
"ó v","1"
"ó r","1"
"ó l","1"
"ó j","1"
"ó h","1"
"ó S","1"
"òl.","1"
"ò t","1"
"ò q","1"
"ò p","1"
"ït ","1"
"ïm ","1"
"ïda","1"
"ïa ","1"
"íto","1"
"íti","1"
"íst","1"
"íqu","1"
"ínu","1"
"íni","1"
"índ","1"
"íli","1"
"ídr","1"
"íco","1"
"í é","1"
"í v","1"
"í t","1"
"í i","1"
"í h","1"
"í d","1"
"í a","1"
"és»","1"
"és.","1"
"ére","1"
"én ","1"
"éme","1"
"éix","1"
"é t","1"
"é s","1"
"é p","1"
"é m","1"
"é l","1"
"é e","1"
"é b","1"
"èrt","1"
"èpo","1"
"è, ","1"
"è t","1"
"è p","1"
"è n","1"
"è  ","1"
"ção","1"
"çà,","1"
"çan","1"
"ç, ","1"
"ç d","1"
"ávi","1"
"águ","1"
"àuf","1"
"àti","1"
"àte","1"
"àst","1"
"àrr","1"
"àpi","1"
"àgi","1"
"àbr","1"
"à s","1"
"à r","1"
"à q","1"
"à n","1"
"à i","1"
"à b","1"
"És,","1"
"», ","1"
"·lò","1"
"·lo","1"
"·li","1"
"·le","1"
"·la","1"
"«Ha","1"
"«A ","1"
"zòn","1"
"zà ","1"
"zin","1"
"zil","1"
"zie","1"
"zem","1"
"zas","1"
"z, ","1"
"z u","1"
"z t","1"
"ypt","1"
"you","1"
"yor","1"
"yia","1"
"yer","1"
"yen","1"
"yan","1"
"ya?","1"
"y: ","1"
"y i","1"
"y d","1"
"y a","1"
"y 5","1"
"xò?","1"
"xò.","1"
"xí,","1"
"xà ","1"
"xud","1"
"xt ","1"
"xpo","1"
"xpe","1"
"xol","1"
"xió","1"
"xil","1"
"xia","1"
"xal","1"
"xad","1"
"xac","1"
"x. ","1"
"x, ","1"
"x m","1"
"x i","1"
"x a","1"
"web","1"
"wag","1"
"w d","1"
"vín","1"
"vim","1"
"vie","1"
"vic","1"
"ve?","1"
"vat","1"
"vap","1"
"vac","1"
"va.","1"
"uït","1"
"uïd","1"
"uïa","1"
"uí ","1"
"uè,","1"
"uàr","1"
"uà ","1"
"uvo","1"
"uts","1"
"usp","1"
"uso","1"
"usi","1"
"usa","1"
"us-","1"
"urt","1"
"urg","1"
"upç","1"
"up ","1"
"uno","1"
"ums","1"
"umf","1"
"um)","1"
"uln","1"
"uja","1"
"uix","1"
"uip","1"
"uio","1"
"uid","1"
"ugm","1"
"ugl","1"
"ufr","1"
"uem","1"
"ue,","1"
"udo","1"
"uct","1"
"ucr","1"
"ubs","1"
"ubr","1"
"ubj","1"
"uba","1"
"uas","1"
"uai","1"
"u-m","1"
"u ú","1"
"u é","1"
"u v","1"
"u s","1"
"u n","1"
"u j","1"
"u e","1"
"u b","1"
"u a","1"
"u M","1"
"u H","1"
"u (","1"
"tít","1"
"tí.","1"
"tí,","1"
"tén","1"
"tém","1"
"tèr","1"
"tàs","1"
"tàr","1"
"tzà","1"
"tze","1"
"txi","1"
"txe","1"
"txa","1"
"tuà","1"
"tut","1"
"tuc","1"
"tub","1"
"tsu","1"
"ts:","1"
"trè","1"
"trà","1"
"tos","1"
"tom","1"
"tog","1"
"to:","1"
"to.","1"
"to,","1"
"tme","1"
"tll","1"
"tir","1"
"tho","1"
"tgí","1"
"tex","1"
"teo","1"
"tel","1"
"teg","1"
"te,","1"
"tc.","1"
"tas","1"
"taq","1"
"ta.","1"
"t: ","1"
"t).","1"
"t ú","1"
"t é","1"
"t o","1"
"t  ","1"
"s’i","1"
"s’h","1"
"sòl","1"
"sé ","1"
"sèr","1"
"s»,","1"
"sus","1"
"sum","1"
"sug","1"
"suc","1"
"sté","1"
"stm","1"
"st,","1"
"ssè","1"
"squ","1"
"spl","1"
"spi","1"
"sov","1"
"sou","1"
"som","1"
"sod","1"
"smà","1"
"smi","1"
"sk ","1"
"sio","1"
"sim","1"
"sii","1"
"sig","1"
"sie","1"
"sic","1"
"se’","1"
"sel","1"
"sei","1"
"sed","1"
"scà","1"
"scu","1"
"scs","1"
"sc.","1"
"sav","1"
"sap","1"
"sa,","1"
"s[i","1"
"s; ","1"
"s.»","1"
"s.[","1"
"s)m","1"
"s)h","1"
"s! ","1"
"s V","1"
"s S","1"
"s I","1"
"s 1","1"
"s /","1"
"s ,","1"
"rúi","1"
"rít","1"
"ríc","1"
"réi","1"
"rès","1"
"rèn","1"
"rç ","1"
"ràt","1"
"ràp","1"
"ràl","1"
"rxa","1"
"rvi","1"
"ruï","1"
"run","1"
"rue","1"
"rsa","1"
"rs[","1"
"rs.","1"
"rpa","1"
"rou","1"
"roo","1"
"rom","1"
"rog","1"
"ro.","1"
"ro,","1"
"rno","1"
"rn ","1"
"rla","1"
"rió","1"
"riè","1"
"rià","1"
"riv","1"
"riq","1"
"rid","1"
"rgu","1"
"rga","1"
"re’","1"
"rev","1"
"rep","1"
"ree","1"
"red","1"
"re/","1"
"re)","1"
"rds","1"
"rda","1"
"rd-","1"
"rd,","1"
"rcu","1"
"rcs","1"
"rcl","1"
"rc,","1"
"rbo","1"
"raï","1"
"rai","1"
"raf","1"
"ra;","1"
"ra:","1"
"ra-","1"
"ra)","1"
"r-t","1"
"r-s","1"
"r-l","1"
"r o","1"
"r b","1"
"r L","1"
"r (","1"
"pçã","1"
"pàg","1"
"pun","1"
"puj","1"
"pug","1"
"ps,","1"
"pra","1"
"pop","1"
"pol","1"
"pil","1"
"pig","1"
"pid","1"
"pi,","1"
"peu","1"
"pee","1"
"ped","1"
"p, ","1"
"p x","1"
"p o","1"
"ow ","1"
"oug","1"
"oti","1"
"oth","1"
"ot,","1"
"os.","1"
"org","1"
"opu","1"
"ope","1"
"opa","1"
"oom","1"
"onà","1"
"on,","1"
"omò","1"
"omè","1"
"omr","1"
"oma","1"
"om.","1"
"om,","1"
"ol·","1"
"old","1"
"ol.","1"
"ois","1"
"oir","1"
"oig","1"
"oi,","1"
"ohn","1"
"ohi","1"
"ogu","1"
"ofu","1"
"oes","1"
"ocó","1"
"ocu","1"
"oct","1"
"occ","1"
"obé","1"
"obv","1"
"obu","1"
"oar","1"
"o: ","1"
"o-t","1"
"o-c","1"
"o r","1"
"o q","1"
"o n","1"
"o j","1"
"o g","1"
"o T","1"
"o R","1"
"o P","1"
"o C","1"
"n’e","1"
"n’a","1"
"ní ","1"
"nàu","1"
"nza","1"
"nyo","1"
"nyi","1"
"ny:","1"
"ny.","1"
"nxa","1"
"nvo","1"
"nuà","1"
"nuv","1"
"nue","1"
"nud","1"
"nua","1"
"nto","1"
"nt?","1"
"nsp","1"
"nsf","1"
"ns?","1"
"ns:","1"
"nre","1"
"npo","1"
"nol","1"
"nnu","1"
"nma","1"
"nll","1"
"nja","1"
"nio","1"
"nim","1"
"ngú","1"
"nge","1"
"ng-","1"
"ng,","1"
"nfl","1"
"nfe","1"
"nec","1"
"ncs","1"
"nco","1"
"ncl","1"
"nc.","1"
"nc-","1"
"na:","1"
"na)","1"
"n j","1"
"n h","1"
"n V","1"
"n P","1"
"n C","1"
"mús","1"
"míl","1"
"mí ","1"
"mèr","1"
"màt","1"
"màn","1"
"mà,","1"
"mvi","1"
"mum","1"
"ms,","1"
"ms ","1"
"mri","1"
"mpu","1"
"mpi","1"
"mpa","1"
"mp.","1"
"mos","1"
"mob","1"
"mi—","1"
"mfe","1"
"med","1"
"me,","1"
"mbi","1"
"mbe","1"
"mba","1"
"maz","1"
"maq","1"
"maj","1"
"m. ","1"
"m),","1"
"m w","1"
"m L","1"
"l’é","1"
"l’u","1"
"l’I","1"
"l’H","1"
"lòc","1"
"líq","1"
"lço","1"
"lç?","1"
"lç,","1"
"láv","1"
"là,","1"
"lzi","1"
"lyp","1"
"lve","1"
"lva","1"
"lut","1"
"lur","1"
"lue","1"
"lto","1"
"lt:","1"
"lt)","1"
"lsi","1"
"ls:","1"
"ls.","1"
"lou","1"
"lob","1"
"lne","1"
"llà","1"
"ll.","1"
"ll,","1"
"liu","1"
"lir","1"
"liq","1"
"lim","1"
"lid","1"
"lex","1"
"lev","1"
"lec","1"
"lde","1"
"lda","1"
"ld ","1"
"las","1"
"laf","1"
"la:","1"
"l: ","1"
"l).","1"
"l é","1"
"l w","1"
"l u","1"
"l j","1"
"l T","1"
"l P","1"
"l N","1"
"l F","1"
"l C","1"
"l 4","1"
"k y","1"
"jud","1"
"jor","1"
"jan","1"
"jad","1"
"ja.","1"
"i—.","1"
"ièn","1"
"iàr","1"
"ixà","1"
"ixu","1"
"ixo","1"
"ixi","1"
"ix.","1"
"ix,","1"
"ius","1"
"iu.","1"
"itr","1"
"ito","1"
"itj","1"
"itg","1"
"iso","1"
"irr","1"
"irc","1"
"ir,","1"
"ipe","1"
"ipa","1"
"ip ","1"
"ios","1"
"iom","1"
"iod","1"
"io ","1"
"inz","1"
"iny","1"
"inq","1"
"imu","1"
"ims","1"
"imo","1"
"imi","1"
"ilm","1"
"il:","1"
"il,","1"
"ii)","1"
"igo","1"
"igm","1"
"ig.","1"
"iet","1"
"ie,","1"
"idu","1"
"idr","1"
"idi","1"
"id,","1"
"id ","1"
"icu","1"
"ico","1"
"icl","1"
"ich","1"
"icc","1"
"ibi","1"
"ia:","1"
"i].","1"
"i] ","1"
"i) ","1"
"i i","1"
"i g","1"
"i T","1"
"i S","1"
"i O","1"
"i I","1"
"i B","1"
"i A","1"
"i 1","1"
"híd","1"
"how","1"
"hom","1"
"hn ","1"
"hib","1"
"ha,","1"
"h, ","1"
"güe","1"
"gú ","1"
"gó,","1"
"gís","1"
"gèn","1"
"grí","1"
"grà","1"
"gov","1"
"gol","1"
"gna","1"
"gmà","1"
"gma","1"
"git","1"
"gis","1"
"gei","1"
"ge.","1"
"gau","1"
"gas","1"
"gam","1"
"gab","1"
"g. ","1"
"g-p","1"
"g e","1"
"g a","1"
"fèr","1"
"fàb","1"
"fà ","1"
"ful","1"
"fue","1"
"fru","1"
"fro","1"
"fre","1"
"fra","1"
"fos","1"
"foq","1"
"fom","1"
"foi","1"
"flu","1"
"fle","1"
"fla","1"
"fie","1"
"fib","1"
"feu","1"
"fen","1"
"feb","1"
"fe ","1"
"fat","1"
"fam","1"
"e’t","1"
"e’n","1"
"ez,","1"
"exi","1"
"exa","1"
"eus","1"
"eud","1"
"eua","1"
"eu.","1"
"eu-","1"
"eu,","1"
"ets","1"
"etj","1"
"etc","1"
"esè","1"
"esq","1"
"esm","1"
"esf","1"
"es?","1"
"es;","1"
"es:","1"
"es-","1"
"es)","1"
"es!","1"
"erè","1"
"erç","1"
"erp","1"
"erg","1"
"erd","1"
"erb","1"
"epi","1"
"epa","1"
"eor","1"
"enà","1"
"env","1"
"enr","1"
"eno","1"
"enn","1"
"enl","1"
"enj","1"
"enf","1"
"en.","1"
"en,","1"
"eme","1"
"em.","1"
"em,","1"
"el·","1"
"elv","1"
"ele","1"
"el.","1"
"el,","1"
"eja","1"
"ein","1"
"egü","1"
"egn","1"
"efu","1"
"efo","1"
"efl","1"
"efe","1"
"edà","1"
"edr","1"
"ede","1"
"ecí","1"
"ecn","1"
"ebl","1"
"eb ","1"
"ear","1"
"ean","1"
"eac","1"
"ea ","1"
"e? ","1"
"e/ ","1"
"e)ú","1"
"e á","1"
"e N","1"
"e J","1"
"e I","1"
"e E","1"
"e B","1"
"e 5","1"
"e 4","1"
"e 2","1"
"e 1","1"
"dís","1"
"dí ","1"
"dà ","1"
"dul","1"
"dui","1"
"due","1"
"dua","1"
"du ","1"
"ds ","1"
"doe","1"
"do-","1"
"dmi","1"
"dje","1"
"dià","1"
"dit","1"
"dig","1"
"dev","1"
"det","1"
"deg","1"
"ded","1"
"de.","1"
"dav","1"
"das","1"
"dan","1"
"dam","1"
"dac","1"
"da;","1"
"da:","1"
"da)","1"
"d-e","1"
"d q","1"
"d h","1"
"d g","1"
"d M","1"
"cór","1"
"còn","1"
"cíf","1"
"càr","1"
"càl","1"
"cup","1"
"cum","1"
"cud","1"
"cua","1"
"ctu","1"
"cré","1"
"crà","1"
"coi","1"
"coa","1"
"co-","1"
"cno","1"
"clo","1"
"cla","1"
"cià","1"
"cis","1"
"cir","1"
"cim","1"
"ch,","1"
"ced","1"
"cea","1"
"cav","1"
"ca:","1"
"ca.","1"
"ca)","1"
"c-c","1"
"c é","1"
"c v","1"
"c q","1"
"c o","1"
"c g","1"
"c f","1"
"c e","1"
"c c","1"
"c N","1"
"bés","1"
"bvi","1"
"bur","1"
"brú","1"
"brí","1"
"bro","1"
"bos","1"
"bor","1"
"boq","1"
"bon","1"
"bol","1"
"boi","1"
"boc","1"
"blo","1"
"bje","1"
"bin","1"
"bic","1"
"bel","1"
"bei","1"
"baé","1"
"bad","1"
"b t","1"
"b s","1"
"b n","1"
"b  ","1"
"aó,","1"
"aó ","1"
"aïm","1"
"aér","1"
"aça","1"
"azò","1"
"avu","1"
"aus","1"
"aum","1"
"aug","1"
"auc","1"
"au,","1"
"au ","1"
"atè","1"
"atà","1"
"atx","1"
"atr","1"
"ato","1"
"atl","1"
"ati","1"
"asp","1"
"asm","1"
"asi","1"
"as.","1"
"arx","1"
"arq","1"
"arp","1"
"apl","1"
"ap,","1"
"aos","1"
"anx","1"
"anp","1"
"anm","1"
"an?","1"
"an.","1"
"amv","1"
"alz","1"
"aly","1"
"alv","1"
"alo","1"
"ald","1"
"al)","1"
"aju","1"
"ajo","1"
"air","1"
"agr","1"
"age","1"
"ag ","1"
"afà","1"
"afi","1"
"adí","1"
"adu","1"
"adm","1"
"adj","1"
"acl","1"
"abs","1"
"abo","1"
"a? ","1"
"a-s","1"
"a —","1"
"a è","1"
"a j","1"
"a V","1"
"a T","1"
"a P","1"
"a L","1"
"a I","1"
"]. ","1"
"], ","1"
"] i","1"
"] L","1"
"] A","1"
"[…]","1"
"[2]","1"
"[1]","1"
"Vin","1"
"Veu","1"
"T’h","1"
"Tro","1"
"Tor","1"
"The","1"
"Tas","1"
"Tan","1"
"S’a","1"
"Sín","1"
"Sob","1"
"Ser","1"
"Seg","1"
"Sal","1"
"SAB","1"
"Rib","1"
"Rec","1"
"Què","1"
"Qua","1"
"Pse","1"
"Pot","1"
"Pod","1"
"Pat","1"
"Old","1"
"O (","1"
"Nun","1"
"Nor","1"
"Nac","1"
"N t","1"
"N c","1"
"Més","1"
"Men","1"
"Mat","1"
"Man","1"
"Mal","1"
"L’o","1"
"Lui","1"
"Lo ","1"
"Llo","1"
"Lev","1"
"Jau","1"
"Ins","1"
"Ina","1"
"ISA","1"
"IO ","1"
"II.","1"
"I v","1"
"I t","1"
"I q","1"
"I l","1"
"I i","1"
"I f","1"
"I a","1"
"Hoa","1"
"Ho ","1"
"Hip","1"
"Her","1"
"Hem","1"
"Hau","1"
"Gua","1"
"Grà","1"
"Fun","1"
"Fra","1"
"For","1"
"Fem","1"
"Fe.","1"
"Fe,","1"
"Fe ","1"
"Far","1"
"Fac","1"
"Fa ","1"
"FIS","1"
"Euc","1"
"Esc","1"
"Es ","1"
"Ens","1"
"Eno","1"
"Eng","1"
"Dur","1"
"Dom","1"
"Dea","1"
"Cro","1"
"Cre","1"
"Cot","1"
"Com","1"
"Cen","1"
"Cau","1"
"Cas","1"
"Can","1"
"Cam","1"
"Cai","1"
"Bof","1"
"Bio","1"
"BIO","1"
"Aus","1"
"Ask","1"
"Ant","1"
"Ang","1"
"Amè","1"
"Amu","1"
"Amb","1"
"Alt","1"
"ABI","1"
"A p","1"
"A m","1"
"A l","1"
"A e","1"
"A A","1"
"? T","1"
"? Q","1"
"? P","1"
"? E","1"
"; l","1"
": v","1"
": s","1"
": n","1"
": h","1"
": L","1"
": D","1"
":  ","1"
"990","1"
"978","1"
"923","1"
"903","1"
"900","1"
"90,","1"
"8o ","1"
"8. ","1"
"8, ","1"
"8 s","1"
"8 f","1"
"78,","1"
"7. ","1"
"7 i","1"
"7 e","1"
"7 d","1"
"600","1"
"58o","1"
"58.","1"
"57.","1"
"57 ","1"
"5 m","1"
"4 d","1"
"30 ","1"
"3,7","1"
"2],","1"
"27 ","1"
"23.","1"
"23,","1"
"200","1"
"1] ","1"
"199","1"
"197","1"
"192","1"
"17 ","1"
"160","1"
"14 ","1"
"130","1"
"117","1"
"1,5","1"
"1 r","1"
"07 ","1"
"03.","1"
"007","1"
"00.","1"
"0. ","1"
"0, ","1"
"0 s","1"
"0 m","1"
"0 e","1"
"0 c","1"
"/1 ","1"
"/ A","1"
".[…","1"
". «","1"
". V","1"
". R","1"
". G","1"
"-ts","1"
"-te","1"
"-so","1"
"-se","1"
"-po","1"
"-no","1"
"-ne","1"
"-me","1"
"-lo","1"
"-es","1"
"-cò","1"
"-co","1"
",7 ","1"
",5 ","1"
", z","1"
", T","1"
", S","1"
", I","1"
", E","1"
", A","1"
",  ","1"
")ús","1"
")me","1"
")he","1"
") é","1"
"(un","1"
"(so","1"
"(s)","1"
"(ou","1"
"(i ","1"
"(de","1"
"(an","1"
"(am","1"
"(Se","1"
"(Ps","1"
"(Fu","1"
"! A","1"
" —c","1"
" út","1"
" ús","1"
" èp","1"
" ág","1"
" àr","1"
" «H","1"
" yo","1"
" xi","1"
" we","1"
" wa","1"
" ví","1"
" ul","1"
" tí","1"
" sò","1"
" sé","1"
" sè","1"
" rà","1"
" pà","1"
" ol","1"
" ok","1"
" of","1"
" nà","1"
" mú","1"
" mò","1"
" mè","1"
" lí","1"
" lá","1"
" it","1"
" is","1"
" ir","1"
" id","1"
" hí","1"
" ho","1"
" gè","1"
" fè","1"
" fl","1"
" eq","1"
" ef","1"
" dr","1"
" cà","1"
" aç","1"
" ao","1"
" aj","1"
" [2","1"
" [1","1"
" Ve","1"
" VI","1"
" T’","1"
" Tr","1"
" Th","1"
" S’","1"
" Sí","1"
" So","1"
" Ri","1"
" Re","1"
" Ol","1"
" Nu","1"
" Na","1"
" Me","1"
" Lu","1"
" Lo","1"
" Ll","1"
" Ja","1"
" Im","1"
" I.","1"
" He","1"
" Gu","1"
" Gr","1"
" Fr","1"
" Fo","1"
" FI","1"
" Eu","1"
" Cr","1"
" Co","1"
" Ce","1"
" Bi","1"
" As","1"
" 27","1"
" 23","1"
" 20","1"
" 16","1"
" 14","1"
" 13","1"
" 11","1"
" 1,","1"
" /1","1"
" , ","1"
" (u","1"
" (o","1"
" (i","1"
" (d","1"
" (S","1"
" (P","1"
" (F","1"
"  p","1"
"  l","1"
"  j","1"
"  e","1"
"  M","1"
"  I","1"
"  E","1"
